Date,fng_value,fng_classification
2018/2/1,30,Fear
2018/2/2,15,Extreme Fear
2018/2/3,40,Fear
2018/2/4,24,Extreme Fear
2018/2/5,11,Extreme Fear
2018/2/6,8,Extreme Fear
2018/2/7,36,Fear
2018/2/8,30,Fear
2018/2/9,44,Fear
2018/2/10,54,Neutral
2018/2/11,31,Fear
2018/2/12,42,Fear
2018/2/13,35,Fear
2018/2/14,55,Greed
2018/2/15,71,Greed
2018/2/16,67,Greed
2018/2/17,74,Greed
2018/2/18,63,Greed
2018/2/19,67,Greed
2018/2/20,74,Greed
2018/2/21,54,Neutral
2018/2/22,44,Fear
2018/2/23,39,Fear
2018/2/24,31,Fear
2018/2/25,33,Fear
2018/2/26,37,Fear
2018/2/27,44,Fear
2018/2/28,41,Fear
2018/3/1,38,Fear
2018/3/2,47,Neutral
2018/3/3,56,Greed
2018/3/4,44,Fear
2018/3/5,55,Greed
2018/3/6,59,Greed
2018/3/7,37,Fear
2018/3/8,39,Fear
2018/3/9,37,Fear
2018/3/10,39,Fear
2018/3/11,40,Fear
2018/3/12,41,Fear
2018/3/13,41,Fear
2018/3/14,40,Fear
2018/3/15,32,Fear
2018/3/16,33,Fear
2018/3/17,31,Fear
2018/3/18,29,Fear
2018/3/19,29,Fear
2018/3/20,37,Fear
2018/3/21,36,Fear
2018/3/22,36,Fear
2018/3/23,28,Fear
2018/3/24,32,Fear
2018/3/25,30,Fear
2018/3/26,31,Fear
2018/3/27,24,Extreme Fear
2018/3/28,24,Extreme Fear
2018/3/29,18,Extreme Fear
2018/3/30,12,Extreme Fear
2018/3/31,16,Extreme Fear
2018/4/1,16,Extreme Fear
2018/4/2,11,Extreme Fear
2018/4/3,22,Extreme Fear
2018/4/4,22,Extreme Fear
2018/4/5,17,Extreme Fear
2018/4/6,19,Extreme Fear
2018/4/7,20,Extreme Fear
2018/4/8,17,Extreme Fear
2018/4/9,21,Extreme Fear
2018/4/10,18,Extreme Fear
2018/4/11,20,Extreme Fear
2018/4/12,18,Extreme Fear
2018/4/13,23,Extreme Fear
2018/4/17,26,Fear
2018/4/18,24,Extreme Fear
2018/4/19,25,Extreme Fear
2018/4/20,26,Fear
2018/4/21,32,Fear
2018/4/22,31,Fear
2018/4/23,28,Fear
2018/4/24,29,Fear
2018/4/25,64,Greed
2018/4/26,47,Neutral
2018/4/27,55,Greed
2018/4/28,54,Neutral
2018/4/29,61,Greed
2018/4/30,59,Greed
2018/5/1,56,Greed
2018/5/2,52,Neutral
2018/5/3,55,Greed
2018/5/4,56,Greed
2018/5/5,63,Greed
2018/5/6,67,Greed
2018/5/7,56,Greed
2018/5/8,62,Greed
2018/5/9,53,Neutral
2018/5/10,63,Greed
2018/5/11,41,Fear
2018/5/12,44,Fear
2018/5/13,40,Fear
2018/5/14,40,Fear
2018/5/15,40,Fear
2018/5/16,32,Fear
2018/5/17,31,Fear
2018/5/18,37,Fear
2018/5/19,31,Fear
2018/5/20,32,Fear
2018/5/21,41,Fear
2018/5/22,30,Fear
2018/5/23,26,Fear
2018/5/24,27,Fear
2018/5/25,25,Extreme Fear
2018/5/26,23,Extreme Fear
2018/5/27,19,Extreme Fear
2018/5/28,22,Extreme Fear
2018/5/29,16,Extreme Fear
2018/5/30,38,Fear
2018/5/31,25,Extreme Fear
2018/6/1,24,Extreme Fear
2018/6/2,27,Fear
2018/6/3,40,Fear
2018/6/4,41,Fear
2018/6/5,26,Fear
2018/6/6,42,Fear
2018/6/7,38,Fear
2018/6/8,40,Fear
2018/6/9,39,Fear
2018/6/10,24,Extreme Fear
2018/6/11,15,Extreme Fear
2018/6/12,19,Extreme Fear
2018/6/13,19,Extreme Fear
2018/6/14,17,Extreme Fear
2018/6/15,26,Fear
2018/6/16,22,Extreme Fear
2018/6/17,23,Extreme Fear
2018/6/18,27,Fear
2018/6/19,32,Fear
2018/6/20,34,Fear
2018/6/21,37,Fear
2018/6/22,28,Fear
2018/6/23,17,Extreme Fear
2018/6/24,15,Extreme Fear
2018/6/25,16,Extreme Fear
2018/6/26,21,Extreme Fear
2018/6/27,18,Extreme Fear
2018/6/28,20,Extreme Fear
2018/6/29,16,Extreme Fear
2018/6/30,22,Extreme Fear
2018/7/1,27,Fear
2018/7/2,27,Fear
2018/7/3,31,Fear
2018/7/4,33,Fear
2018/7/5,37,Fear
2018/7/6,34,Fear
2018/7/7,34,Fear
2018/7/8,38,Fear
2018/7/9,39,Fear
2018/7/10,37,Fear
2018/7/11,29,Fear
2018/7/12,33,Fear
2018/7/13,29,Fear
2018/7/14,29,Fear
2018/7/15,32,Fear
2018/7/16,36,Fear
2018/7/17,39,Fear
2018/7/18,42,Fear
2018/7/19,44,Fear
2018/7/20,47,Neutral
2018/7/21,43,Fear
2018/7/22,46,Fear
2018/7/23,44,Fear
2018/7/24,49,Neutral
2018/7/25,54,Neutral
2018/7/26,53,Neutral
2018/7/27,47,Neutral
2018/7/28,54,Neutral
2018/7/29,54,Neutral
2018/7/30,53,Neutral
2018/7/31,48,Neutral
2018/8/1,39,Fear
2018/8/2,39,Fear
2018/8/3,36,Fear
2018/8/4,31,Fear
2018/8/5,23,Extreme Fear
2018/8/6,25,Extreme Fear
2018/8/7,25,Extreme Fear
2018/8/8,23,Extreme Fear
2018/8/9,19,Extreme Fear
2018/8/10,21,Extreme Fear
2018/8/11,18,Extreme Fear
2018/8/12,18,Extreme Fear
2018/8/13,21,Extreme Fear
2018/8/14,16,Extreme Fear
2018/8/15,18,Extreme Fear
2018/8/16,21,Extreme Fear
2018/8/17,19,Extreme Fear
2018/8/18,24,Extreme Fear
2018/8/19,27,Fear
2018/8/20,26,Fear
2018/8/21,19,Extreme Fear
2018/8/22,21,Extreme Fear
2018/8/23,18,Extreme Fear
2018/8/24,19,Extreme Fear
2018/8/25,22,Extreme Fear
2018/8/26,19,Extreme Fear
2018/8/27,18,Extreme Fear
2018/8/28,19,Extreme Fear
2018/8/29,19,Extreme Fear
2018/8/30,22,Extreme Fear
2018/8/31,17,Extreme Fear
2018/9/1,21,Extreme Fear
2018/9/2,18,Extreme Fear
2018/9/3,19,Extreme Fear
2018/9/4,26,Fear
2018/9/5,17,Extreme Fear
2018/9/6,14,Extreme Fear
2018/9/7,17,Extreme Fear
2018/9/8,18,Extreme Fear
2018/9/9,13,Extreme Fear
2018/9/10,15,Extreme Fear
2018/9/11,18,Extreme Fear
2018/9/12,14,Extreme Fear
2018/9/13,20,Extreme Fear
2018/9/14,23,Extreme Fear
2018/9/15,24,Extreme Fear
2018/9/16,28,Fear
2018/9/17,25,Extreme Fear
2018/9/18,21,Extreme Fear
2018/9/19,24,Extreme Fear
2018/9/20,24,Extreme Fear
2018/9/21,31,Fear
2018/9/22,35,Fear
2018/9/23,38,Fear
2018/9/24,43,Fear
2018/9/25,37,Fear
2018/9/26,37,Fear
2018/9/27,42,Fear
2018/9/28,42,Fear
2018/9/29,37,Fear
2018/9/30,34,Fear
2018/10/1,35,Fear
2018/10/2,33,Fear
2018/10/3,36,Fear
2018/10/4,29,Fear
2018/10/5,37,Fear
2018/10/6,34,Fear
2018/10/7,29,Fear
2018/10/8,26,Fear
2018/10/9,31,Fear
2018/10/10,28,Fear
2018/10/11,19,Extreme Fear
2018/10/12,13,Extreme Fear
2018/10/13,15,Extreme Fear
2018/10/14,18,Extreme Fear
2018/10/15,20,Extreme Fear
2018/10/16,24,Extreme Fear
2018/10/17,23,Extreme Fear
2018/10/18,26,Fear
2018/10/19,24,Extreme Fear
2018/10/20,21,Extreme Fear
2018/10/21,21,Extreme Fear
2018/10/22,27,Fear
2018/10/23,24,Extreme Fear
2018/10/24,23,Extreme Fear
2018/10/25,25,Extreme Fear
2018/10/26,29,Fear
2018/10/27,33,Fear
2018/10/28,35,Fear
2018/10/29,34,Fear
2018/10/30,31,Fear
2018/10/31,32,Fear
2018/11/1,29,Fear
2018/11/2,36,Fear
2018/11/3,36,Fear
2018/11/4,41,Fear
2018/11/5,42,Fear
2018/11/6,42,Fear
2018/11/7,48,Neutral
2018/11/8,51,Neutral
2018/11/9,47,Neutral
2018/11/10,52,Neutral
2018/11/11,54,Neutral
2018/11/12,52,Neutral
2018/11/13,56,Greed
2018/11/14,49,Neutral
2018/11/15,28,Fear
2018/11/16,23,Extreme Fear
2018/11/17,24,Extreme Fear
2018/11/18,26,Fear
2018/11/19,28,Fear
2018/11/20,21,Extreme Fear
2018/11/21,15,Extreme Fear
2018/11/22,14,Extreme Fear
2018/11/23,12,Extreme Fear
2018/11/24,15,Extreme Fear
2018/11/25,9,Extreme Fear
2018/11/26,17,Extreme Fear
2018/11/27,11,Extreme Fear
2018/11/28,14,Extreme Fear
2018/11/29,18,Extreme Fear
2018/11/30,19,Extreme Fear
2018/12/1,13,Extreme Fear
2018/12/2,15,Extreme Fear
2018/12/3,17,Extreme Fear
2018/12/4,12,Extreme Fear
2018/12/5,19,Extreme Fear
2018/12/6,13,Extreme Fear
2018/12/7,11,Extreme Fear
2018/12/8,11,Extreme Fear
2018/12/9,14,Extreme Fear
2018/12/10,19,Extreme Fear
2018/12/11,15,Extreme Fear
2018/12/12,14,Extreme Fear
2018/12/13,14,Extreme Fear
2018/12/14,10,Extreme Fear
2018/12/15,11,Extreme Fear
2018/12/16,13,Extreme Fear
2018/12/17,17,Extreme Fear
2018/12/18,23,Extreme Fear
2018/12/19,21,Extreme Fear
2018/12/20,27,Fear
2018/12/21,35,Fear
2018/12/22,28,Fear
2018/12/23,31,Fear
2018/12/24,25,Extreme Fear
2018/12/25,33,Fear
2018/12/26,26,Fear
2018/12/27,29,Fear
2018/12/28,21,Extreme Fear
2018/12/29,24,Extreme Fear
2018/12/30,23,Extreme Fear
2018/12/31,26,Fear
2019/1/1,24,Extreme Fear
2019/1/2,30,Fear
2019/1/3,33,Fear
2019/1/4,48,Neutral
2019/1/5,36,Fear
2019/1/6,31,Fear
2019/1/7,39,Fear
2019/1/8,39,Fear
2019/1/9,42,Fear
2019/1/10,37,Fear
2019/1/11,19,Extreme Fear
2019/1/12,22,Extreme Fear
2019/1/13,21,Extreme Fear
2019/1/14,16,Extreme Fear
2019/1/15,27,Fear
2019/1/16,24,Extreme Fear
2019/1/17,28,Fear
2019/1/18,29,Fear
2019/1/19,31,Fear
2019/1/20,35,Fear
2019/1/21,30,Fear
2019/1/22,27,Fear
2019/1/23,33,Fear
2019/1/24,37,Fear
2019/1/25,35,Fear
2019/1/26,41,Fear
2019/1/27,39,Fear
2019/1/28,35,Fear
2019/1/29,21,Extreme Fear
2019/1/30,22,Extreme Fear
2019/1/31,17,Extreme Fear
2019/2/1,23,Extreme Fear
2019/2/2,22,Extreme Fear
2019/2/3,19,Extreme Fear
2019/2/4,27,Fear
2019/2/5,21,Extreme Fear
2019/2/6,14,Extreme Fear
2019/2/7,18,Extreme Fear
2019/2/8,37,Fear
2019/2/9,42,Fear
2019/2/10,40,Fear
2019/2/11,46,Fear
2019/2/12,38,Fear
2019/2/13,48,Neutral
2019/2/14,48,Neutral
2019/2/15,43,Fear
2019/2/16,43,Fear
2019/2/17,38,Fear
2019/2/18,63,Greed
2019/2/19,65,Greed
2019/2/20,59,Greed
2019/2/21,59,Greed
2019/2/22,61,Greed
2019/2/23,63,Greed
2019/2/24,69,Greed
2019/2/25,47,Neutral
2019/2/26,40,Fear
2019/2/27,39,Fear
2019/2/28,39,Fear
2019/3/1,42,Fear
2019/3/2,41,Fear
2019/3/3,44,Fear
2019/3/4,36,Fear
2019/3/5,35,Fear
2019/3/6,42,Fear
2019/3/7,56,Greed
2019/3/8,54,Neutral
2019/3/9,55,Greed
2019/3/10,55,Greed
2019/3/11,56,Greed
2019/3/12,56,Greed
2019/3/13,54,Neutral
2019/3/14,55,Greed
2019/3/15,55,Greed
2019/3/16,54,Neutral
2019/3/17,58,Greed
2019/3/18,56,Greed
2019/3/19,56,Greed
2019/3/20,55,Greed
2019/3/21,62,Greed
2019/3/22,56,Greed
2019/3/23,50,Neutral
2019/3/24,44,Fear
2019/3/25,46,Fear
2019/3/26,43,Fear
2019/3/27,44,Fear
2019/3/28,49,Neutral
2019/3/29,50,Neutral
2019/3/30,57,Greed
2019/3/31,56,Greed
2019/4/1,62,Greed
2019/4/2,60,Greed
2019/4/3,71,Greed
2019/4/4,61,Greed
2019/4/5,59,Greed
2019/4/6,65,Greed
2019/4/7,69,Greed
2019/4/8,65,Greed
2019/4/9,64,Greed
2019/4/10,62,Greed
2019/4/11,65,Greed
2019/4/12,42,Fear
2019/4/13,62,Greed
2019/4/14,51,Neutral
2019/4/15,60,Greed
2019/4/16,50,Neutral
2019/4/17,61,Greed
2019/4/18,64,Greed
2019/4/19,61,Greed
2019/4/20,62,Greed
2019/4/21,62,Greed
2019/4/22,61,Greed
2019/4/23,68,Greed
2019/4/24,65,Greed
2019/4/25,58,Greed
2019/4/26,41,Fear
2019/4/27,42,Fear
2019/4/28,40,Fear
2019/4/29,42,Fear
2019/4/30,42,Fear
2019/5/1,51,Neutral
2019/5/2,50,Neutral
2019/5/3,63,Greed
2019/5/4,66,Greed
2019/5/5,67,Greed
2019/5/6,57,Greed
2019/5/7,69,Greed
2019/5/8,63,Greed
2019/5/9,69,Greed
2019/5/10,71,Greed
2019/5/11,76,Extreme Greed
2019/5/12,75,Greed
2019/5/13,78,Extreme Greed
2019/5/14,78,Extreme Greed
2019/5/15,77,Extreme Greed
2019/5/16,75,Greed
2019/5/17,65,Greed
2019/5/18,67,Greed
2019/5/19,70,Greed
2019/5/20,73,Greed
2019/5/21,68,Greed
2019/5/22,69,Greed
2019/5/23,65,Greed
2019/5/24,64,Greed
2019/5/25,69,Greed
2019/5/26,67,Greed
2019/5/27,70,Greed
2019/5/28,71,Greed
2019/5/29,71,Greed
2019/5/30,73,Greed
2019/5/31,61,Greed
2019/6/1,62,Greed
2019/6/2,63,Greed
2019/6/3,66,Greed
2019/6/4,42,Fear
2019/6/5,27,Fear
2019/6/6,34,Fear
2019/6/7,27,Fear
2019/6/8,62,Greed
2019/6/9,62,Greed
2019/6/10,46,Fear
2019/6/11,61,Greed
2019/6/12,60,Greed
2019/6/13,63,Greed
2019/6/14,67,Greed
2019/6/15,75,Greed
2019/6/16,80,Extreme Greed
2019/6/17,84,Extreme Greed
2019/6/18,83,Extreme Greed
2019/6/19,82,Extreme Greed
2019/6/20,81,Extreme Greed
2019/6/21,84,Extreme Greed
2019/6/22,83,Extreme Greed
2019/6/23,84,Extreme Greed
2019/6/24,80,Extreme Greed
2019/6/25,87,Extreme Greed
2019/6/26,95,Extreme Greed
2019/6/27,92,Extreme Greed
2019/6/28,62,Greed
2019/6/29,74,Greed
2019/6/30,78,Extreme Greed
2019/7/1,65,Greed
2019/7/2,63,Greed
2019/7/3,79,Extreme Greed
2019/7/4,76,Extreme Greed
2019/7/5,67,Greed
2019/7/6,72,Greed
2019/7/7,67,Greed
2019/7/8,74,Greed
2019/7/9,84,Extreme Greed
2019/7/10,83,Extreme Greed
2019/7/11,62,Greed
2019/7/12,33,Fear
2019/7/13,65,Greed
2019/7/14,61,Greed
2019/7/15,16,Extreme Fear
2019/7/16,34,Fear
2019/7/17,19,Extreme Fear
2019/7/18,40,Fear
2019/7/19,42,Fear
2019/7/20,34,Fear
2019/7/21,42,Fear
2019/7/22,42,Fear
2019/7/23,40,Fear
2019/7/24,20,Extreme Fear
2019/7/25,42,Fear
2019/7/26,24,Extreme Fear
2019/7/27,47,Neutral
2019/7/28,16,Extreme Fear
2019/7/29,19,Extreme Fear
2019/7/30,22,Extreme Fear
2019/7/31,31,Fear
2019/8/1,57,Greed
2019/8/2,61,Greed
2019/8/3,61,Greed
2019/8/4,62,Greed
2019/8/5,64,Greed
2019/8/6,66,Greed
2019/8/7,45,Fear
2019/8/8,61,Greed
2019/8/9,60,Greed
2019/8/10,59,Greed
2019/8/11,45,Fear
2019/8/12,48,Neutral
2019/8/13,45,Fear
2019/8/14,11,Extreme Fear
2019/8/15,13,Extreme Fear
2019/8/16,31,Fear
2019/8/17,20,Extreme Fear
2019/8/18,14,Extreme Fear
2019/8/19,30,Fear
2019/8/20,39,Fear
2019/8/21,11,Extreme Fear
2019/8/22,5,Extreme Fear
2019/8/23,33,Fear
2019/8/24,39,Fear
2019/8/25,33,Fear
2019/8/26,41,Fear
2019/8/27,30,Fear
2019/8/28,32,Fear
2019/8/29,20,Extreme Fear
2019/8/30,24,Extreme Fear
2019/8/31,20,Extreme Fear
2019/9/1,24,Extreme Fear
2019/9/2,28,Fear
2019/9/3,41,Fear
2019/9/4,43,Fear
2019/9/5,41,Fear
2019/9/6,43,Fear
2019/9/7,39,Fear
2019/9/8,43,Fear
2019/9/9,41,Fear
2019/9/10,41,Fear
2019/9/11,38,Fear
2019/9/12,39,Fear
2019/9/13,38,Fear
2019/9/14,39,Fear
2019/9/15,38,Fear
2019/9/16,38,Fear
2019/9/17,41,Fear
2019/9/18,38,Fear
2019/9/19,31,Fear
2019/9/20,41,Fear
2019/9/21,37,Fear
2019/9/22,37,Fear
2019/9/23,41,Fear
2019/9/24,39,Fear
2019/9/25,15,Extreme Fear
2019/9/26,12,Extreme Fear
2019/9/27,24,Extreme Fear
2019/9/28,32,Fear
2019/9/29,33,Fear
2019/9/30,27,Fear
2019/10/1,38,Fear
2019/10/2,39,Fear
2019/10/3,37,Fear
2019/10/4,30,Fear
2019/10/5,31,Fear
2019/10/6,32,Fear
2019/10/7,27,Fear
2019/10/8,39,Fear
2019/10/9,37,Fear
2019/10/10,41,Fear
2019/10/11,39,Fear
2019/10/12,38,Fear
2019/10/13,38,Fear
2019/10/14,37,Fear
2019/10/15,39,Fear
2019/10/16,40,Fear
2019/10/17,40,Fear
2019/10/18,40,Fear
2019/10/19,41,Fear
2019/10/20,37,Fear
2019/10/21,37,Fear
2019/10/22,39,Fear
2019/10/23,33,Fear
2019/10/24,20,Extreme Fear
2019/10/25,24,Extreme Fear
2019/10/26,53,Neutral
2019/10/27,50,Neutral
2019/10/28,52,Neutral
2019/10/29,54,Neutral
2019/10/30,53,Neutral
2019/10/31,50,Neutral
2019/11/1,49,Neutral
2019/11/2,51,Neutral
2019/11/3,56,Greed
2019/11/4,49,Neutral
2019/11/5,54,Neutral
2019/11/6,53,Neutral
2019/11/7,54,Neutral
2019/11/8,42,Fear
2019/11/9,38,Fear
2019/11/10,39,Fear
2019/11/11,40,Fear
2019/11/12,39,Fear
2019/11/13,38,Fear
2019/11/14,41,Fear
2019/11/15,38,Fear
2019/11/16,41,Fear
2019/11/17,38,Fear
2019/11/18,38,Fear
2019/11/19,32,Fear
2019/11/20,32,Fear
2019/11/21,30,Fear
2019/11/22,20,Extreme Fear
2019/11/23,23,Extreme Fear
2019/11/24,21,Extreme Fear
2019/11/25,17,Extreme Fear
2019/11/26,21,Extreme Fear
2019/11/27,20,Extreme Fear
2019/11/28,32,Fear
2019/11/29,31,Fear
2019/11/30,38,Fear
2019/12/1,25,Extreme Fear
2019/12/2,28,Fear
2019/12/3,28,Fear
2019/12/4,24,Extreme Fear
2019/12/5,21,Extreme Fear
2019/12/6,29,Fear
2019/12/7,32,Fear
2019/12/8,28,Fear
2019/12/9,32,Fear
2019/12/10,26,Fear
2019/12/11,20,Extreme Fear
2019/12/12,23,Extreme Fear
2019/12/13,22,Extreme Fear
2019/12/14,27,Fear
2019/12/15,21,Extreme Fear
2019/12/16,24,Extreme Fear
2019/12/17,23,Extreme Fear
2019/12/18,15,Extreme Fear
2019/12/19,21,Extreme Fear
2019/12/20,23,Extreme Fear
2019/12/21,23,Extreme Fear
2019/12/22,20,Extreme Fear
2019/12/23,33,Fear
2019/12/24,25,Extreme Fear
2019/12/25,22,Extreme Fear
2019/12/26,39,Fear
2019/12/27,38,Fear
2019/12/28,37,Fear
2019/12/29,37,Fear
2019/12/30,40,Fear
2019/12/31,38,Fear
2020/1/1,37,Fear
2020/1/2,39,Fear
2020/1/3,38,Fear
2020/1/4,38,Fear
2020/1/5,39,Fear
2020/1/6,41,Fear
2020/1/7,40,Fear
2020/1/8,51,Neutral
2020/1/9,44,Fear
2020/1/10,41,Fear
2020/1/11,50,Neutral
2020/1/12,45,Fear
2020/1/13,49,Neutral
2020/1/14,56,Greed
2020/1/15,54,Neutral
2020/1/16,55,Greed
2020/1/17,54,Neutral
2020/1/18,51,Neutral
2020/1/19,53,Neutral
2020/1/20,48,Neutral
2020/1/21,49,Neutral
2020/1/22,52,Neutral
2020/1/23,49,Neutral
2020/1/24,40,Fear
2020/1/25,41,Fear
2020/1/26,42,Fear
2020/1/27,50,Neutral
2020/1/28,54,Neutral
2020/1/29,57,Greed
2020/1/30,57,Greed
2020/1/31,55,Greed
2020/2/1,57,Greed
2020/2/2,57,Greed
2020/2/3,59,Greed
2020/2/4,56,Greed
2020/2/5,53,Neutral
2020/2/6,61,Greed
2020/2/7,56,Greed
2020/2/8,56,Greed
2020/2/9,56,Greed
2020/2/10,57,Greed
2020/2/11,52,Neutral
2020/2/12,61,Greed
2020/2/13,65,Greed
2020/2/14,63,Greed
2020/2/15,64,Greed
2020/2/16,59,Greed
2020/2/17,49,Neutral
2020/2/18,53,Neutral
2020/2/19,50,Neutral
2020/2/20,44,Fear
2020/2/21,44,Fear
2020/2/22,43,Fear
2020/2/23,46,Fear
2020/2/24,46,Fear
2020/2/25,44,Fear
2020/2/26,41,Fear
2020/2/27,39,Fear
2020/2/28,40,Fear
2020/2/29,38,Fear
2020/3/1,39,Fear
2020/3/2,38,Fear
2020/3/3,38,Fear
2020/3/4,40,Fear
2020/3/5,41,Fear
2020/3/6,39,Fear
2020/3/7,38,Fear
2020/3/8,33,Fear
2020/3/9,17,Extreme Fear
2020/3/10,16,Extreme Fear
2020/3/11,17,Extreme Fear
2020/3/12,14,Extreme Fear
2020/3/13,10,Extreme Fear
2020/3/14,8,Extreme Fear
2020/3/15,12,Extreme Fear
2020/3/16,9,Extreme Fear
2020/3/17,8,Extreme Fear
2020/3/18,11,Extreme Fear
2020/3/19,12,Extreme Fear
2020/3/20,9,Extreme Fear
2020/3/21,9,Extreme Fear
2020/3/22,11,Extreme Fear
2020/3/23,10,Extreme Fear
2020/3/24,12,Extreme Fear
2020/3/25,13,Extreme Fear
2020/3/26,14,Extreme Fear
2020/3/27,12,Extreme Fear
2020/3/28,8,Extreme Fear
2020/3/29,12,Extreme Fear
2020/3/30,10,Extreme Fear
2020/3/31,12,Extreme Fear
2020/4/1,12,Extreme Fear
2020/4/2,14,Extreme Fear
2020/4/3,14,Extreme Fear
2020/4/4,12,Extreme Fear
2020/4/5,12,Extreme Fear
2020/4/6,12,Extreme Fear
2020/4/7,20,Extreme Fear
2020/4/8,21,Extreme Fear
2020/4/9,22,Extreme Fear
2020/4/10,15,Extreme Fear
2020/4/11,15,Extreme Fear
2020/4/12,10,Extreme Fear
2020/4/13,11,Extreme Fear
2020/4/14,15,Extreme Fear
2020/4/15,18,Extreme Fear
2020/4/16,13,Extreme Fear
2020/4/17,15,Extreme Fear
2020/4/18,18,Extreme Fear
2020/4/19,16,Extreme Fear
2020/4/20,15,Extreme Fear
2020/4/21,17,Extreme Fear
2020/4/22,19,Extreme Fear
2020/4/23,19,Extreme Fear
2020/4/24,20,Extreme Fear
2020/4/25,24,Extreme Fear
2020/4/26,21,Extreme Fear
2020/4/27,28,Fear
2020/4/28,26,Fear
2020/4/29,26,Fear
2020/4/30,44,Fear
2020/5/1,40,Fear
2020/5/2,40,Fear
2020/5/3,45,Fear
2020/5/4,44,Fear
2020/5/5,40,Fear
2020/5/6,42,Fear
2020/5/7,49,Neutral
2020/5/8,55,Greed
2020/5/9,56,Greed
2020/5/10,48,Neutral
2020/5/11,40,Fear
2020/5/12,39,Fear
2020/5/13,41,Fear
2020/5/14,40,Fear
2020/5/15,44,Fear
2020/5/16,41,Fear
2020/5/17,40,Fear
2020/5/18,50,Neutral
2020/5/19,50,Neutral
2020/5/20,52,Neutral
2020/5/21,49,Neutral
2020/5/22,42,Fear
2020/5/23,40,Fear
2020/5/24,43,Fear
2020/5/25,41,Fear
2020/5/26,39,Fear
2020/5/27,39,Fear
2020/5/28,41,Fear
2020/5/29,48,Neutral
2020/5/30,48,Neutral
2020/5/31,51,Neutral
2020/6/1,50,Neutral
2020/6/2,56,Greed
2020/6/3,48,Neutral
2020/6/4,54,Neutral
2020/6/5,53,Neutral
2020/6/6,54,Neutral
2020/6/7,54,Neutral
2020/6/8,53,Neutral
2020/6/9,52,Neutral
2020/6/10,54,Neutral
2020/6/11,52,Neutral
2020/6/12,38,Fear
2020/6/13,38,Fear
2020/6/14,40,Fear
2020/6/15,37,Fear
2020/6/16,39,Fear
2020/6/17,38,Fear
2020/6/18,40,Fear
2020/6/19,39,Fear
2020/6/20,38,Fear
2020/6/21,37,Fear
2020/6/22,38,Fear
2020/6/23,41,Fear
2020/6/24,50,Neutral
2020/6/25,43,Fear
2020/6/26,40,Fear
2020/6/27,43,Fear
2020/6/28,40,Fear
2020/6/29,41,Fear
2020/6/30,44,Fear
2020/7/1,42,Fear
2020/7/2,42,Fear
2020/7/3,41,Fear
2020/7/4,40,Fear
2020/7/5,38,Fear
2020/7/6,40,Fear
2020/7/7,43,Fear
2020/7/8,44,Fear
2020/7/9,44,Fear
2020/7/10,41,Fear
2020/7/11,44,Fear
2020/7/12,41,Fear
2020/7/13,43,Fear
2020/7/14,43,Fear
2020/7/15,44,Fear
2020/7/16,43,Fear
2020/7/17,41,Fear
2020/7/18,44,Fear
2020/7/19,41,Fear
2020/7/20,44,Fear
2020/7/21,44,Fear
2020/7/22,50,Neutral
2020/7/23,55,Greed
2020/7/24,53,Neutral
2020/7/25,55,Greed
2020/7/26,55,Greed
2020/7/27,58,Greed
2020/7/28,76,Extreme Greed
2020/7/29,71,Greed
2020/7/30,76,Extreme Greed
2020/7/31,75,Greed
2020/8/1,75,Greed
2020/8/2,80,Extreme Greed
2020/8/3,75,Greed
2020/8/4,72,Greed
2020/8/5,75,Greed
2020/8/6,79,Extreme Greed
2020/8/7,77,Extreme Greed
2020/8/8,77,Extreme Greed
2020/8/9,79,Extreme Greed
2020/8/10,78,Extreme Greed
2020/8/11,84,Extreme Greed
2020/8/12,75,Greed
2020/8/13,75,Greed
2020/8/14,78,Extreme Greed
2020/8/15,79,Extreme Greed
2020/8/16,82,Extreme Greed
2020/8/17,83,Extreme Greed
2020/8/18,82,Extreme Greed
2020/8/19,80,Extreme Greed
2020/8/20,75,Greed
2020/8/21,81,Extreme Greed
2020/8/22,78,Extreme Greed
2020/8/23,76,Extreme Greed
2020/8/24,78,Extreme Greed
2020/8/25,75,Greed
2020/8/26,76,Extreme Greed
2020/8/27,75,Greed
2020/8/28,74,Greed
2020/8/29,79,Extreme Greed
2020/8/30,75,Greed
2020/8/31,75,Greed
2020/9/1,75,Greed
2020/9/2,83,Extreme Greed
2020/9/3,79,Extreme Greed
2020/9/4,40,Fear
2020/9/5,41,Fear
2020/9/6,41,Fear
2020/9/7,41,Fear
2020/9/8,41,Fear
2020/9/9,38,Fear
2020/9/10,38,Fear
2020/9/11,41,Fear
2020/9/12,41,Fear
2020/9/13,38,Fear
2020/9/14,39,Fear
2020/9/15,47,Neutral
2020/9/16,43,Fear
2020/9/17,48,Neutral
2020/9/18,49,Neutral
2020/9/19,48,Neutral
2020/9/20,52,Neutral
2020/9/21,48,Neutral
2020/9/22,39,Fear
2020/9/23,43,Fear
2020/9/24,39,Fear
2020/9/25,46,Fear
2020/9/26,45,Fear
2020/9/27,47,Neutral
2020/9/28,43,Fear
2020/9/29,45,Fear
2020/9/30,49,Neutral
2020/10/1,45,Fear
2020/10/2,41,Fear
2020/10/3,40,Fear
2020/10/4,42,Fear
2020/10/5,42,Fear
2020/10/6,47,Neutral
2020/10/7,43,Fear
2020/10/8,46,Fear
2020/10/9,48,Neutral
2020/10/10,53,Neutral
2020/10/11,55,Greed
2020/10/12,52,Neutral
2020/10/13,56,Greed
2020/10/14,53,Neutral
2020/10/15,56,Greed
2020/10/16,52,Neutral
2020/10/17,56,Greed
2020/10/18,55,Greed
2020/10/19,55,Greed
2020/10/20,56,Greed
2020/10/21,61,Greed
2020/10/22,73,Greed
2020/10/23,74,Greed
2020/10/24,73,Greed
2020/10/25,76,Extreme Greed
2020/10/26,75,Greed
2020/10/27,61,Greed
2020/10/28,70,Greed
2020/10/29,67,Greed
2020/10/30,74,Greed
2020/10/31,73,Greed
2020/11/1,72,Greed
2020/11/2,71,Greed
2020/11/3,71,Greed
2020/11/4,74,Greed
2020/11/5,72,Greed
2020/11/6,90,Extreme Greed
2020/11/7,88,Extreme Greed
2020/11/8,82,Extreme Greed
2020/11/9,90,Extreme Greed
2020/11/10,90,Extreme Greed
2020/11/11,86,Extreme Greed
2020/11/12,87,Extreme Greed
2020/11/13,89,Extreme Greed
2020/11/14,90,Extreme Greed
2020/11/15,86,Extreme Greed
2020/11/16,90,Extreme Greed
2020/11/17,86,Extreme Greed
2020/11/18,91,Extreme Greed
2020/11/19,94,Extreme Greed
2020/11/20,86,Extreme Greed
2020/11/21,91,Extreme Greed
2020/11/22,94,Extreme Greed
2020/11/23,90,Extreme Greed
2020/11/24,88,Extreme Greed
2020/11/25,94,Extreme Greed
2020/11/26,93,Extreme Greed
2020/11/27,86,Extreme Greed
2020/11/28,87,Extreme Greed
2020/11/29,89,Extreme Greed
2020/11/30,88,Extreme Greed
2020/12/1,95,Extreme Greed
2020/12/2,92,Extreme Greed
2020/12/3,92,Extreme Greed
2020/12/4,92,Extreme Greed
2020/12/5,93,Extreme Greed
2020/12/6,95,Extreme Greed
2020/12/7,94,Extreme Greed
2020/12/8,95,Extreme Greed
2020/12/9,86,Extreme Greed
2020/12/10,94,Extreme Greed
2020/12/11,89,Extreme Greed
2020/12/12,90,Extreme Greed
2020/12/13,91,Extreme Greed
2020/12/14,95,Extreme Greed
2020/12/15,91,Extreme Greed
2020/12/16,92,Extreme Greed
2020/12/17,92,Extreme Greed
2020/12/18,95,Extreme Greed
2020/12/19,93,Extreme Greed
2020/12/20,92,Extreme Greed
2020/12/21,92,Extreme Greed
2020/12/22,88,Extreme Greed
2020/12/23,93,Extreme Greed
2020/12/24,86,Extreme Greed
2020/12/25,94,Extreme Greed
2020/12/26,93,Extreme Greed
2020/12/27,91,Extreme Greed
2020/12/28,92,Extreme Greed
2020/12/29,91,Extreme Greed
2020/12/30,91,Extreme Greed
2020/12/31,95,Extreme Greed
2021/1/1,94,Extreme Greed
2021/1/2,94,Extreme Greed
2021/1/3,93,Extreme Greed
2021/1/4,94,Extreme Greed
2021/1/5,93,Extreme Greed
2021/1/6,95,Extreme Greed
2021/1/7,91,Extreme Greed
2021/1/8,93,Extreme Greed
2021/1/9,93,Extreme Greed
2021/1/10,94,Extreme Greed
2021/1/11,90,Extreme Greed
2021/1/12,84,Extreme Greed
2021/1/13,78,Extreme Greed
2021/1/14,83,Extreme Greed
2021/1/15,88,Extreme Greed
2021/1/16,84,Extreme Greed
2021/1/17,79,Extreme Greed
2021/1/18,79,Extreme Greed
2021/1/19,80,Extreme Greed
2021/1/20,78,Extreme Greed
2021/1/21,75,Greed
2021/1/22,40,Fear
2021/1/23,74,Greed
2021/1/24,70,Greed
2021/1/25,74,Greed
2021/1/26,71,Greed
2021/1/27,78,Extreme Greed
2021/1/28,55,Greed
2021/1/29,77,Extreme Greed
2021/1/30,76,Extreme Greed
2021/1/31,78,Extreme Greed
2021/2/1,77,Extreme Greed
2021/2/2,76,Extreme Greed
2021/2/3,78,Extreme Greed
2021/2/4,80,Extreme Greed
2021/2/5,81,Extreme Greed
2021/2/6,84,Extreme Greed
2021/2/7,86,Extreme Greed
2021/2/8,83,Extreme Greed
2021/2/9,95,Extreme Greed
2021/2/10,92,Extreme Greed
2021/2/11,93,Extreme Greed
2021/2/12,92,Extreme Greed
2021/2/13,92,Extreme Greed
2021/2/14,95,Extreme Greed
2021/2/15,93,Extreme Greed
2021/2/16,95,Extreme Greed
2021/2/17,95,Extreme Greed
2021/2/18,91,Extreme Greed
2021/2/19,93,Extreme Greed
2021/2/20,91,Extreme Greed
2021/2/21,91,Extreme Greed
2021/2/22,94,Extreme Greed
2021/2/23,94,Extreme Greed
2021/2/24,76,Extreme Greed
2021/2/25,79,Extreme Greed
2021/2/26,55,Greed
2021/2/27,56,Greed
2021/2/28,55,Greed
2021/3/1,38,Fear
2021/3/2,78,Extreme Greed
2021/3/3,78,Extreme Greed
2021/3/4,84,Extreme Greed
2021/3/5,77,Extreme Greed
2021/3/6,77,Extreme Greed
2021/3/7,76,Extreme Greed
2021/3/8,81,Extreme Greed
2021/3/9,81,Extreme Greed
2021/3/10,68,Greed
2021/3/11,73,Greed
2021/3/12,70,Greed
2021/3/13,74,Greed
2021/3/14,78,Extreme Greed
2021/3/15,76,Extreme Greed
2021/3/16,71,Greed
2021/3/17,71,Greed
2021/3/18,72,Greed
2021/3/19,71,Greed
2021/3/20,75,Greed
2021/3/21,73,Greed
2021/3/22,70,Greed
2021/3/23,66,Greed
2021/3/24,65,Greed
2021/3/25,60,Greed
2021/3/26,54,Neutral
2021/3/27,65,Greed
2021/3/28,74,Greed
2021/3/29,72,Greed
2021/3/30,72,Greed
2021/3/31,76,Extreme Greed
2021/4/1,74,Greed
2021/4/2,74,Greed
2021/4/3,73,Greed
2021/4/4,74,Greed
2021/4/5,71,Greed
2021/4/6,75,Greed
2021/4/7,72,Greed
2021/4/8,73,Greed
2021/4/9,70,Greed
2021/4/10,70,Greed
2021/4/11,76,Extreme Greed
2021/4/12,74,Greed
2021/4/13,74,Greed
2021/4/14,75,Greed
2021/4/15,79,Extreme Greed
2021/4/16,78,Extreme Greed
2021/4/17,76,Extreme Greed
2021/4/18,79,Extreme Greed
2021/4/19,74,Greed
2021/4/20,73,Greed
2021/4/21,73,Greed
2021/4/22,65,Greed
2021/4/23,55,Greed
2021/4/24,37,Fear
2021/4/25,31,Fear
2021/4/26,27,Fear
2021/4/27,50,Neutral
2021/4/28,59,Greed
2021/4/29,52,Neutral
2021/4/30,51,Neutral
2021/5/1,68,Greed
2021/5/2,66,Greed
2021/5/3,61,Greed
2021/5/4,68,Greed
2021/5/5,48,Neutral
2021/5/6,65,Greed
2021/5/7,64,Greed
2021/5/8,67,Greed
2021/5/9,73,Greed
2021/5/10,72,Greed
2021/5/11,61,Greed
2021/5/12,68,Greed
2021/5/13,31,Fear
2021/5/14,26,Fear
2021/5/15,27,Fear
2021/5/16,20,Extreme Fear
2021/5/17,27,Fear
2021/5/18,21,Extreme Fear
2021/5/19,23,Extreme Fear
2021/5/20,11,Extreme Fear
2021/5/21,19,Extreme Fear
2021/5/22,12,Extreme Fear
2021/5/23,14,Extreme Fear
2021/5/24,10,Extreme Fear
2021/5/25,22,Extreme Fear
2021/5/26,22,Extreme Fear
2021/5/27,27,Fear
2021/5/28,21,Extreme Fear
2021/5/29,18,Extreme Fear
2021/5/30,10,Extreme Fear
2021/5/31,18,Extreme Fear
2021/6/1,20,Extreme Fear
2021/6/2,23,Extreme Fear
2021/6/3,24,Extreme Fear
2021/6/4,27,Fear
2021/6/5,24,Extreme Fear
2021/6/6,17,Extreme Fear
2021/6/7,15,Extreme Fear
2021/6/8,13,Extreme Fear
2021/6/9,14,Extreme Fear
2021/6/10,21,Extreme Fear
2021/6/11,21,Extreme Fear
2021/6/12,28,Fear
2021/6/13,23,Extreme Fear
2021/6/14,28,Fear
2021/6/15,38,Fear
2021/6/16,33,Fear
2021/6/17,26,Fear
2021/6/18,25,Extreme Fear
2021/6/19,23,Extreme Fear
2021/6/20,21,Extreme Fear
2021/6/21,23,Extreme Fear
2021/6/22,10,Extreme Fear
2021/6/23,14,Extreme Fear
2021/6/24,22,Extreme Fear
2021/6/25,27,Fear
2021/6/26,20,Extreme Fear
2021/6/27,22,Extreme Fear
2021/6/28,25,Extreme Fear
2021/6/29,25,Extreme Fear
2021/6/30,28,Fear
2021/7/1,28,Fear
2021/7/2,21,Extreme Fear
2021/7/3,24,Extreme Fear
2021/7/4,27,Fear
2021/7/5,29,Fear
2021/7/6,20,Extreme Fear
2021/7/7,28,Fear
2021/7/8,20,Extreme Fear
2021/7/9,20,Extreme Fear
2021/7/10,20,Extreme Fear
2021/7/11,20,Extreme Fear
2021/7/12,25,Extreme Fear
2021/7/13,20,Extreme Fear
2021/7/14,21,Extreme Fear
2021/7/15,20,Extreme Fear
2021/7/16,22,Extreme Fear
2021/7/17,15,Extreme Fear
2021/7/18,19,Extreme Fear
2021/7/19,24,Extreme Fear
2021/7/20,19,Extreme Fear
2021/7/21,10,Extreme Fear
2021/7/22,21,Extreme Fear
2021/7/23,23,Extreme Fear
2021/7/24,22,Extreme Fear
2021/7/25,27,Fear
2021/7/26,26,Fear
2021/7/27,32,Fear
2021/7/28,50,Neutral
2021/7/29,50,Neutral
2021/7/30,53,Neutral
2021/7/31,60,Greed
2021/8/1,60,Greed
2021/8/2,48,Neutral
2021/8/3,48,Neutral
2021/8/4,42,Fear
2021/8/5,50,Neutral
2021/8/6,52,Neutral
2021/8/7,69,Greed
2021/8/8,74,Greed
2021/8/9,65,Greed
2021/8/10,71,Greed
2021/8/11,70,Greed
2021/8/12,70,Greed
2021/8/13,70,Greed
2021/8/14,76,Extreme Greed
2021/8/15,71,Greed
2021/8/16,72,Greed
2021/8/17,72,Greed
2021/8/18,73,Greed
2021/8/19,70,Greed
2021/8/20,70,Greed
2021/8/21,78,Extreme Greed
2021/8/22,76,Extreme Greed
2021/8/23,79,Extreme Greed
2021/8/24,79,Extreme Greed
2021/8/25,73,Greed
2021/8/26,75,Greed
2021/8/27,71,Greed
2021/8/28,78,Extreme Greed
2021/8/29,72,Greed
2021/8/30,73,Greed
2021/8/31,73,Greed
2021/9/1,71,Greed
2021/9/2,74,Greed
2021/9/3,74,Greed
2021/9/4,72,Greed
2021/9/5,73,Greed
2021/9/6,79,Extreme Greed
2021/9/7,79,Extreme Greed
2021/9/8,47,Neutral
2021/9/9,45,Fear
2021/9/10,46,Fear
2021/9/11,31,Fear
2021/9/12,32,Fear
2021/9/13,44,Fear
2021/9/14,30,Fear
2021/9/15,49,Neutral
2021/9/16,53,Neutral
2021/9/17,48,Neutral
2021/9/18,50,Neutral
2021/9/19,53,Neutral
2021/9/20,50,Neutral
2021/9/21,27,Fear
2021/9/22,21,Extreme Fear
2021/9/23,27,Fear
2021/9/24,33,Fear
2021/9/25,28,Fear
2021/9/26,27,Fear
2021/9/27,26,Fear
2021/9/28,25,Extreme Fear
2021/9/29,24,Extreme Fear
2021/9/30,20,Extreme Fear
2021/10/1,27,Fear
2021/10/2,54,Neutral
2021/10/3,49,Neutral
2021/10/4,54,Neutral
2021/10/5,59,Greed
2021/10/6,68,Greed
2021/10/7,76,Extreme Greed
2021/10/8,74,Greed
2021/10/9,72,Greed
2021/10/10,71,Greed
2021/10/11,71,Greed
2021/10/12,78,Extreme Greed
2021/10/13,70,Greed
2021/10/14,70,Greed
2021/10/15,71,Greed
2021/10/16,78,Extreme Greed
2021/10/17,79,Extreme Greed
2021/10/18,78,Extreme Greed
2021/10/19,75,Greed
2021/10/20,82,Extreme Greed
2021/10/21,84,Extreme Greed
2021/10/22,75,Greed
2021/10/23,74,Greed
2021/10/24,73,Greed
2021/10/25,72,Greed
2021/10/26,76,Extreme Greed
2021/10/27,73,Greed
2021/10/28,66,Greed
2021/10/29,70,Greed
2021/10/30,73,Greed
2021/10/31,74,Greed
2021/11/1,74,Greed
2021/11/2,73,Greed
2021/11/3,76,Extreme Greed
2021/11/4,73,Greed
2021/11/5,73,Greed
2021/11/6,71,Greed
2021/11/7,73,Greed
2021/11/8,75,Greed
2021/11/9,84,Extreme Greed
2021/11/10,75,Greed
2021/11/11,77,Extreme Greed
2021/11/12,74,Greed
2021/11/13,72,Greed
2021/11/14,74,Greed
2021/11/15,72,Greed
2021/11/16,71,Greed
2021/11/17,52,Neutral
2021/11/18,54,Neutral
2021/11/19,34,Fear
2021/11/20,43,Fear
2021/11/21,49,Neutral
2021/11/22,50,Neutral
2021/11/23,33,Fear
2021/11/24,42,Fear
2021/11/25,32,Fear
2021/11/26,47,Neutral
2021/11/27,21,Extreme Fear
2021/11/28,27,Fear
2021/11/29,33,Fear
2021/11/30,40,Fear
2021/12/1,34,Fear
2021/12/2,32,Fear
2021/12/3,31,Fear
2021/12/4,25,Extreme Fear
2021/12/5,18,Extreme Fear
2021/12/6,16,Extreme Fear
2021/12/7,25,Extreme Fear
2021/12/8,28,Fear
2021/12/9,29,Fear
2021/12/10,24,Extreme Fear
2021/12/11,16,Extreme Fear
2021/12/12,27,Fear
2021/12/13,28,Fear
2021/12/14,21,Extreme Fear
2021/12/15,28,Fear
2021/12/16,29,Fear
2021/12/17,23,Extreme Fear
2021/12/18,24,Extreme Fear
2021/12/19,29,Fear
2021/12/20,25,Extreme Fear
2021/12/21,27,Fear
2021/12/22,45,Fear
2021/12/23,34,Fear
2021/12/24,41,Fear
2021/12/25,39,Fear
2021/12/26,37,Fear
2021/12/27,40,Fear
2021/12/28,41,Fear
2021/12/29,27,Fear
2021/12/30,22,Extreme Fear
2021/12/31,28,Fear
2022/1/1,21,Extreme Fear
2022/1/2,29,Fear
2022/1/3,29,Fear
2022/1/4,23,Extreme Fear
2022/1/5,24,Extreme Fear
2022/1/6,15,Extreme Fear
2022/1/7,18,Extreme Fear
2022/1/8,10,Extreme Fear
2022/1/9,23,Extreme Fear
2022/1/10,23,Extreme Fear
2022/1/11,21,Extreme Fear
2022/1/12,22,Extreme Fear
2022/1/13,21,Extreme Fear
2022/1/14,21,Extreme Fear
2022/1/15,23,Extreme Fear
2022/1/16,21,Extreme Fear
2022/1/17,22,Extreme Fear
2022/1/18,24,Extreme Fear
2022/1/19,24,Extreme Fear
2022/1/20,24,Extreme Fear
2022/1/21,19,Extreme Fear
2022/1/22,13,Extreme Fear
2022/1/23,11,Extreme Fear
2022/1/24,13,Extreme Fear
2022/1/25,12,Extreme Fear
2022/1/26,23,Extreme Fear
2022/1/27,20,Extreme Fear
2022/1/28,24,Extreme Fear
2022/1/29,24,Extreme Fear
2022/1/30,29,Fear
2022/1/31,20,Extreme Fear
2022/2/1,26,Fear
2022/2/2,28,Fear
2022/2/3,20,Extreme Fear
2022/2/4,20,Extreme Fear
2022/2/5,33,Fear
2022/2/6,37,Fear
2022/2/7,45,Fear
2022/2/8,48,Neutral
2022/2/9,54,Neutral
2022/2/10,50,Neutral
2022/2/11,50,Neutral
2022/2/12,44,Fear
2022/2/13,44,Fear
2022/2/14,46,Fear
2022/2/15,46,Fear
2022/2/16,51,Neutral
2022/2/17,52,Neutral
2022/2/18,30,Fear
2022/2/19,25,Extreme Fear
2022/2/20,27,Fear
2022/2/21,25,Extreme Fear
2022/2/22,20,Extreme Fear
2022/2/23,25,Extreme Fear
2022/2/24,23,Extreme Fear
2022/2/25,27,Fear
2022/2/26,26,Fear
2022/2/27,26,Fear
2022/2/28,20,Extreme Fear
2022/3/1,51,Neutral
2022/3/2,52,Neutral
2022/3/3,39,Fear
2022/3/4,33,Fear
2022/3/5,22,Extreme Fear
2022/3/6,22,Extreme Fear
2022/3/7,23,Extreme Fear
2022/3/8,21,Extreme Fear
2022/3/9,22,Extreme Fear
2022/3/10,28,Fear
2022/3/11,22,Extreme Fear
2022/3/12,22,Extreme Fear
2022/3/13,21,Extreme Fear
2022/3/14,23,Extreme Fear
2022/3/15,21,Extreme Fear
2022/3/16,24,Extreme Fear
2022/3/17,27,Fear
2022/3/18,25,Extreme Fear
2022/3/19,28,Fear
2022/3/20,31,Fear
2022/3/21,30,Fear
2022/3/22,26,Fear
2022/3/23,31,Fear
2022/3/24,40,Fear
2022/3/25,47,Neutral
2022/3/26,51,Neutral
2022/3/27,49,Neutral
2022/3/28,60,Greed
2022/3/29,56,Greed
2022/3/30,55,Greed
2022/3/31,52,Neutral
2022/4/1,50,Neutral
2022/4/2,52,Neutral
2022/4/3,48,Neutral
2022/4/4,52,Neutral
2022/4/5,53,Neutral
2022/4/6,48,Neutral
2022/4/7,34,Fear
2022/4/8,37,Fear
2022/4/9,30,Fear
2022/4/10,34,Fear
2022/4/11,32,Fear
2022/4/12,20,Extreme Fear
2022/4/13,25,Extreme Fear
2022/4/14,28,Fear
2022/4/15,22,Extreme Fear
2022/4/16,28,Fear
2022/4/17,28,Fear
2022/4/18,24,Extreme Fear
2022/4/19,27,Fear
2022/4/20,27,Fear
2022/4/21,27,Fear
2022/4/22,26,Fear
2022/4/23,24,Extreme Fear
2022/4/24,24,Extreme Fear
2022/4/25,23,Extreme Fear
2022/4/26,27,Fear
2022/4/27,21,Extreme Fear
2022/4/28,24,Extreme Fear
2022/4/29,23,Extreme Fear
2022/4/30,20,Extreme Fear
2022/5/1,22,Extreme Fear
2022/5/2,28,Fear
2022/5/3,27,Fear
2022/5/4,21,Extreme Fear
2022/5/5,27,Fear
2022/5/6,22,Extreme Fear
2022/5/7,23,Extreme Fear
2022/5/8,18,Extreme Fear
2022/5/9,11,Extreme Fear
2022/5/10,10,Extreme Fear
2022/5/11,12,Extreme Fear
2022/5/12,12,Extreme Fear
2022/5/13,10,Extreme Fear
2022/5/14,9,Extreme Fear
2022/5/15,10,Extreme Fear
2022/5/16,14,Extreme Fear
2022/5/17,8,Extreme Fear
2022/5/18,12,Extreme Fear
2022/5/19,13,Extreme Fear
2022/5/20,13,Extreme Fear
2022/5/21,13,Extreme Fear
2022/5/22,14,Extreme Fear
2022/5/23,10,Extreme Fear
2022/5/24,12,Extreme Fear
2022/5/25,11,Extreme Fear
2022/5/26,12,Extreme Fear
2022/5/27,12,Extreme Fear
2022/5/28,13,Extreme Fear
2022/5/29,14,Extreme Fear
2022/5/30,10,Extreme Fear
2022/5/31,16,Extreme Fear
2022/6/1,17,Extreme Fear
2022/6/2,13,Extreme Fear
2022/6/3,10,Extreme Fear
2022/6/4,14,Extreme Fear
2022/6/5,10,Extreme Fear
2022/6/6,13,Extreme Fear
2022/6/7,15,Extreme Fear
2022/6/8,17,Extreme Fear
2022/6/9,11,Extreme Fear
2022/6/10,13,Extreme Fear
2022/6/11,12,Extreme Fear
2022/6/12,14,Extreme Fear
2022/6/13,11,Extreme Fear
2022/6/14,8,Extreme Fear
2022/6/15,7,Extreme Fear
2022/6/16,7,Extreme Fear
2022/6/17,9,Extreme Fear
2022/6/18,6,Extreme Fear
2022/6/19,6,Extreme Fear
2022/6/20,9,Extreme Fear
2022/6/21,9,Extreme Fear
2022/6/22,11,Extreme Fear
2022/6/23,11,Extreme Fear
2022/6/24,11,Extreme Fear
2022/6/25,14,Extreme Fear
2022/6/26,14,Extreme Fear
2022/6/27,12,Extreme Fear
2022/6/28,10,Extreme Fear
2022/6/29,13,Extreme Fear
2022/6/30,11,Extreme Fear
2022/7/1,11,Extreme Fear
2022/7/2,14,Extreme Fear
2022/7/3,11,Extreme Fear
2022/7/4,14,Extreme Fear
2022/7/5,19,Extreme Fear
2022/7/6,18,Extreme Fear
2022/7/7,18,Extreme Fear
2022/7/8,20,Extreme Fear
2022/7/9,24,Extreme Fear
2022/7/10,24,Extreme Fear
2022/7/11,22,Extreme Fear
2022/7/12,16,Extreme Fear
2022/7/13,15,Extreme Fear
2022/7/14,18,Extreme Fear
2022/7/15,15,Extreme Fear
2022/7/16,21,Extreme Fear
2022/7/17,24,Extreme Fear
2022/7/18,20,Extreme Fear
2022/7/19,30,Fear
2022/7/20,31,Fear
2022/7/21,34,Fear
2022/7/22,33,Fear
2022/7/23,31,Fear
2022/7/24,30,Fear
2022/7/25,30,Fear
2022/7/26,26,Fear
2022/7/27,28,Fear
2022/7/28,32,Fear
2022/7/29,39,Fear
2022/7/30,42,Fear
2022/7/31,39,Fear
2022/8/1,33,Fear
2022/8/2,31,Fear
2022/8/3,34,Fear
2022/8/4,30,Fear
2022/8/5,31,Fear
2022/8/6,31,Fear
2022/8/7,30,Fear
2022/8/8,30,Fear
2022/8/9,42,Fear
2022/8/10,31,Fear
2022/8/11,41,Fear
2022/8/12,42,Fear
2022/8/13,46,Fear
2022/8/14,47,Neutral
2022/8/15,45,Fear
2022/8/16,44,Fear
2022/8/17,41,Fear
2022/8/18,30,Fear
2022/8/19,33,Fear
2022/8/20,29,Fear
2022/8/21,27,Fear
2022/8/22,29,Fear
2022/8/23,28,Fear
2022/8/24,25,Extreme Fear
2022/8/25,25,Extreme Fear
2022/8/26,27,Fear
2022/8/27,28,Fear
2022/8/28,28,Fear
2022/8/29,24,Extreme Fear
2022/8/30,27,Fear
2022/8/31,23,Extreme Fear
2022/9/1,20,Extreme Fear
2022/9/2,25,Extreme Fear
2022/9/3,21,Extreme Fear
2022/9/4,20,Extreme Fear
2022/9/5,23,Extreme Fear
2022/9/6,22,Extreme Fear
2022/9/7,24,Extreme Fear
2022/9/8,20,Extreme Fear
2022/9/9,22,Extreme Fear
2022/9/10,28,Fear
2022/9/11,26,Fear
2022/9/12,25,Extreme Fear
2022/9/13,34,Fear
2022/9/14,27,Fear
2022/9/15,28,Fear
2022/9/16,20,Extreme Fear
2022/9/17,22,Extreme Fear
2022/9/18,27,Fear
2022/9/19,21,Extreme Fear
2022/9/20,23,Extreme Fear
2022/9/21,23,Extreme Fear
2022/9/22,22,Extreme Fear
2022/9/23,20,Extreme Fear
2022/9/24,24,Extreme Fear
2022/9/25,24,Extreme Fear
2022/9/26,21,Extreme Fear
2022/9/27,20,Extreme Fear
2022/9/28,20,Extreme Fear
2022/9/29,22,Extreme Fear
2022/9/30,21,Extreme Fear
2022/10/1,20,Extreme Fear
2022/10/2,24,Extreme Fear
2022/10/3,24,Extreme Fear
2022/10/4,20,Extreme Fear
2022/10/5,25,Extreme Fear
2022/10/6,26,Fear
2022/10/7,23,Extreme Fear
2022/10/8,24,Extreme Fear
2022/10/9,22,Extreme Fear
2022/10/10,22,Extreme Fear
2022/10/11,24,Extreme Fear
2022/10/12,20,Extreme Fear
2022/10/13,20,Extreme Fear
2022/10/14,24,Extreme Fear
2022/10/15,24,Extreme Fear
2022/10/16,24,Extreme Fear
2022/10/17,20,Extreme Fear
2022/10/18,22,Extreme Fear
2022/10/19,23,Extreme Fear
2022/10/20,23,Extreme Fear
2022/10/21,23,Extreme Fear
2022/10/22,20,Extreme Fear
2022/10/23,23,Extreme Fear
2022/10/24,22,Extreme Fear
2022/10/25,20,Extreme Fear
2022/10/26,33,Fear
2022/10/27,32,Fear
2022/10/28,30,Fear
2022/10/29,34,Fear
2022/10/30,34,Fear
2022/10/31,31,Fear
2022/11/1,30,Fear
2022/11/2,30,Fear
2022/11/3,30,Fear
2022/11/4,30,Fear
2022/11/5,38,Fear
2022/11/6,40,Fear
2022/11/7,33,Fear
2022/11/8,31,Fear
2022/11/9,29,Fear
2022/11/10,22,Extreme Fear
2022/11/11,25,Extreme Fear
2022/11/12,21,Extreme Fear
2022/11/13,22,Extreme Fear
2022/11/14,24,Extreme Fear
2022/11/15,22,Extreme Fear
2022/11/16,23,Extreme Fear
2022/11/17,20,Extreme Fear
2022/11/18,23,Extreme Fear
2022/11/19,23,Extreme Fear
2022/11/20,24,Extreme Fear
2022/11/21,21,Extreme Fear
2022/11/22,22,Extreme Fear
2022/11/23,22,Extreme Fear
2022/11/24,20,Extreme Fear
2022/11/25,20,Extreme Fear
2022/11/26,22,Extreme Fear
2022/11/27,26,Fear
2022/11/28,28,Fear
2022/11/29,26,Fear
2022/11/30,29,Fear
2022/12/1,27,Fear
2022/12/2,27,Fear
2022/12/3,27,Fear
2022/12/4,26,Fear
2022/12/5,26,Fear
2022/12/6,25,Extreme Fear
2022/12/7,29,Fear
2022/12/8,25,Extreme Fear
2022/12/9,26,Fear
2022/12/10,27,Fear
2022/12/11,26,Fear
2022/12/12,27,Fear
2022/12/13,27,Fear
2022/12/14,30,Fear
2022/12/15,31,Fear
2022/12/16,29,Fear
2022/12/17,28,Fear
2022/12/18,26,Fear
2022/12/19,29,Fear
2022/12/20,29,Fear
2022/12/21,26,Fear
2022/12/22,28,Fear
2022/12/23,27,Fear
2022/12/24,29,Fear
2022/12/25,29,Fear
2022/12/26,28,Fear
2022/12/27,27,Fear
2022/12/28,28,Fear
2022/12/29,28,Fear
2022/12/30,28,Fear
2022/12/31,25,Extreme Fear
2023/1/1,26,Fear
2023/1/2,27,Fear
2023/1/3,26,Fear
2023/1/4,29,Fear
2023/1/5,29,Fear
2023/1/6,26,Fear
2023/1/7,25,Extreme Fear
2023/1/8,25,Extreme Fear
2023/1/9,25,Extreme Fear
2023/1/10,26,Fear
2023/1/11,26,Fear
2023/1/12,30,Fear
2023/1/13,31,Fear
2023/1/14,46,Fear
2023/1/15,52,Neutral
2023/1/16,45,Fear
2023/1/17,51,Neutral
2023/1/18,52,Neutral
2023/1/19,45,Fear
2023/1/20,51,Neutral
2023/1/21,53,Neutral
2023/1/22,53,Neutral
2023/1/23,50,Neutral
2023/1/24,52,Neutral
2023/1/25,51,Neutral
2023/1/26,54,Neutral
2023/1/27,55,Greed
2023/1/28,52,Neutral
2023/1/29,55,Greed
2023/1/30,61,Greed
2023/1/31,51,Neutral
2023/2/1,56,Greed
2023/2/2,60,Greed
2023/2/3,60,Greed
2023/2/4,58,Greed
2023/2/5,58,Greed
2023/2/6,56,Greed
2023/2/7,54,Neutral
2023/2/8,58,Greed
2023/2/9,55,Greed
2023/2/10,48,Neutral
2023/2/11,49,Neutral
2023/2/12,50,Neutral
2023/2/13,48,Neutral
2023/2/14,50,Neutral
2023/2/15,53,Neutral
2023/2/16,62,Greed
2023/2/17,61,Greed
2023/2/18,60,Greed
2023/2/19,60,Greed
2023/2/20,58,Greed
2023/2/21,60,Greed
2023/2/22,59,Greed
2023/2/23,56,Greed
2023/2/24,53,Neutral
2023/2/25,52,Neutral
2023/2/26,51,Neutral
2023/2/27,50,Neutral
2023/2/28,53,Neutral
2023/3/1,50,Neutral
2023/3/2,51,Neutral
2023/3/3,50,Neutral
2023/3/4,50,Neutral
2023/3/5,47,Neutral
2023/3/6,48,Neutral
2023/3/7,49,Neutral
2023/3/8,50,Neutral
2023/3/9,44,Fear
2023/3/10,34,Fear
2023/3/11,33,Fear
2023/3/12,33,Fear
2023/3/13,49,Neutral
2023/3/14,56,Greed
2023/3/15,50,Neutral
2023/3/16,52,Neutral
2023/3/17,51,Neutral
2023/3/18,64,Greed
2023/3/19,63,Greed
2023/3/20,66,Greed
2023/3/21,68,Greed
2023/3/22,62,Greed
2023/3/23,57,Greed
2023/3/24,61,Greed
2023/3/25,64,Greed
2023/3/26,64,Greed
2023/3/27,64,Greed
2023/3/28,59,Greed
2023/3/29,57,Greed
2023/3/30,60,Greed
2023/3/31,63,Greed
2023/4/1,61,Greed
2023/4/2,63,Greed
2023/4/3,63,Greed
2023/4/4,62,Greed
2023/4/5,62,Greed
2023/4/6,63,Greed
2023/4/7,64,Greed
2023/4/8,61,Greed
2023/4/9,61,Greed
2023/4/10,62,Greed
2023/4/11,68,Greed
2023/4/12,65,Greed
2023/4/13,61,Greed
2023/4/14,68,Greed
2023/4/15,68,Greed
2023/4/16,68,Greed
2023/4/17,69,Greed
2023/4/18,58,Greed
2023/4/19,63,Greed
2023/4/20,52,Neutral
2023/4/21,50,Neutral
2023/4/22,53,Neutral
2023/4/23,56,Greed
2023/4/24,53,Neutral
2023/4/25,53,Neutral
2023/4/26,56,Greed
2023/4/27,59,Greed
2023/4/28,64,Greed
2023/4/29,64,Greed
2023/4/30,60,Greed
2023/5/1,63,Greed
2023/5/2,55,Greed
2023/5/3,64,Greed
2023/5/4,64,Greed
2023/5/5,61,Greed
2023/5/6,60,Greed
2023/5/7,64,Greed
2023/5/8,60,Greed
2023/5/9,51,Neutral
2023/5/10,52,Neutral
2023/5/11,52,Neutral
2023/5/12,49,Neutral
2023/5/13,48,Neutral
2023/5/14,48,Neutral
2023/5/15,50,Neutral
2023/5/16,54,Neutral
2023/5/17,50,Neutral
2023/5/18,51,Neutral
2023/5/19,48,Neutral
2023/5/20,48,Neutral
2023/5/21,52,Neutral
2023/5/22,49,Neutral
2023/5/23,50,Neutral
2023/5/24,50,Neutral
2023/5/25,51,Neutral
2023/5/26,49,Neutral
2023/5/27,48,Neutral
2023/5/28,50,Neutral
2023/5/29,52,Neutral
2023/5/30,51,Neutral
2023/5/31,51,Neutral
2023/6/1,52,Neutral
2023/6/2,50,Neutral
2023/6/3,53,Neutral
2023/6/4,52,Neutral
2023/6/5,53,Neutral
2023/6/6,44,Fear
2023/6/7,53,Neutral
2023/6/8,50,Neutral
2023/6/9,50,Neutral
2023/6/10,49,Neutral
2023/6/11,47,Neutral
2023/6/12,47,Neutral
2023/6/13,45,Fear
2023/6/14,46,Fear
2023/6/15,41,Fear
2023/6/16,47,Neutral
2023/6/17,47,Neutral
2023/6/18,49,Neutral
2023/6/19,47,Neutral
2023/6/20,49,Neutral
2023/6/21,59,Greed
2023/6/22,65,Greed
2023/6/23,65,Greed
2023/6/24,62,Greed
2023/6/25,64,Greed
2023/6/26,55,Greed
2023/6/27,59,Greed
2023/6/28,62,Greed
2023/6/29,54,Neutral
2023/6/30,56,Greed
2023/7/1,59,Greed
2023/7/2,63,Greed
2023/7/3,62,Greed
2023/7/4,64,Greed
2023/7/5,61,Greed
2023/7/6,56,Greed
2023/7/7,55,Greed
2023/7/8,58,Greed
2023/7/9,55,Greed
2023/7/10,56,Greed
2023/7/11,57,Greed
2023/7/12,64,Greed
2023/7/13,57,Greed
2023/7/14,60,Greed
2023/7/15,56,Greed
2023/7/16,57,Greed
2023/7/17,54,Neutral
2023/7/18,56,Greed
2023/7/19,50,Neutral
2023/7/20,56,Greed
2023/7/21,50,Neutral
2023/7/22,52,Neutral
2023/7/23,54,Neutral
2023/7/24,55,Greed
2023/7/25,50,Neutral
2023/7/26,51,Neutral
2023/7/27,51,Neutral
2023/7/28,52,Neutral
2023/7/29,52,Neutral
2023/7/30,52,Neutral
2023/7/31,50,Neutral
2023/8/1,53,Neutral
2023/8/2,53,Neutral
2023/8/3,52,Neutral
2023/8/4,54,Neutral
2023/8/5,50,Neutral
2023/8/6,49,Neutral
2023/8/7,49,Neutral
2023/8/8,54,Neutral
2023/8/9,50,Neutral
2023/8/10,53,Neutral
2023/8/11,51,Neutral
2023/8/12,54,Neutral
2023/8/13,54,Neutral
2023/8/14,50,Neutral
2023/8/15,53,Neutral
2023/8/16,52,Neutral
2023/8/17,50,Neutral
2023/8/18,37,Fear
2023/8/19,39,Fear
2023/8/20,37,Fear
2023/8/21,38,Fear
2023/8/22,37,Fear
2023/8/23,37,Fear
2023/8/24,41,Fear
2023/8/25,39,Fear
2023/8/26,38,Fear
2023/8/27,38,Fear
2023/8/28,39,Fear
2023/8/29,39,Fear
2023/8/30,49,Neutral
2023/8/31,52,Neutral
2023/9/1,40,Fear
2023/9/2,39,Fear
2023/9/3,40,Fear
2023/9/4,40,Fear
2023/9/5,40,Fear
2023/9/6,42,Fear
2023/9/7,41,Fear
2023/9/8,46,Fear
2023/9/9,41,Fear
2023/9/10,40,Fear
2023/9/11,40,Fear
2023/9/12,30,Fear
2023/9/13,41,Fear
2023/9/14,45,Fear
2023/9/15,45,Fear
2023/9/16,43,Fear
2023/9/17,46,Fear
2023/9/18,46,Fear
2023/9/19,46,Fear
2023/9/20,47,Neutral
2023/9/21,47,Neutral
2023/9/22,43,Fear
2023/9/23,47,Neutral
2023/9/24,44,Fear
2023/9/25,47,Neutral
2023/9/26,46,Fear
2023/9/27,44,Fear
2023/9/28,46,Fear
2023/9/29,48,Neutral
2023/9/30,47,Neutral
2023/10/1,48,Neutral
2023/10/2,50,Neutral
2023/10/3,50,Neutral
2023/10/4,49,Neutral
2023/10/5,48,Neutral
2023/10/6,50,Neutral
2023/10/7,49,Neutral
2023/10/8,50,Neutral
2023/10/9,50,Neutral
2023/10/10,50,Neutral
2023/10/11,47,Neutral
2023/10/12,45,Fear
2023/10/13,44,Fear
2023/10/14,47,Neutral
2023/10/15,45,Fear
2023/10/16,47,Neutral
2023/10/17,52,Neutral
2023/10/18,50,Neutral
2023/10/19,52,Neutral
2023/10/20,53,Neutral
2023/10/21,63,Greed
2023/10/22,53,Neutral
2023/10/23,53,Neutral
2023/10/24,66,Greed
2023/10/25,72,Greed
2023/10/26,71,Greed
2023/10/27,70,Greed
2023/10/28,65,Greed
2023/10/29,72,Greed
2023/10/30,68,Greed
2023/10/31,66,Greed
2023/11/1,66,Greed
2023/11/2,72,Greed
2023/11/3,65,Greed
2023/11/4,68,Greed
2023/11/5,70,Greed
2023/11/6,74,Greed
2023/11/7,68,Greed
2023/11/8,66,Greed
2023/11/9,69,Greed
2023/11/10,70,Greed
2023/11/11,70,Greed
2023/11/12,73,Greed
2023/11/13,72,Greed
2023/11/14,69,Greed
2023/11/15,60,Greed
2023/11/16,70,Greed
2023/11/17,63,Greed
2023/11/18,69,Greed
2023/11/19,66,Greed
2023/11/20,69,Greed
2023/11/21,71,Greed
2023/11/22,62,Greed
2023/11/23,66,Greed
2023/11/24,66,Greed
2023/11/25,73,Greed
2023/11/26,73,Greed
2023/11/27,66,Greed
2023/11/28,68,Greed
2023/11/29,72,Greed
2023/11/30,74,Greed
2023/12/1,71,Greed
2023/12/2,74,Greed
2023/12/3,73,Greed
2023/12/4,74,Greed
2023/12/5,75,Greed
2023/12/6,72,Greed
2023/12/7,72,Greed
2023/12/8,72,Greed
2023/12/9,73,Greed
2023/12/10,74,Greed
2023/12/11,74,Greed
2023/12/12,67,Greed
2023/12/13,65,Greed
2023/12/14,72,Greed
2023/12/15,70,Greed
2023/12/16,67,Greed
2023/12/17,73,Greed
2023/12/18,65,Greed
2023/12/19,73,Greed
2023/12/20,74,Greed
2023/12/21,70,Greed
2023/12/22,74,Greed
2023/12/23,70,Greed
2023/12/24,71,Greed
2023/12/25,73,Greed
2023/12/26,71,Greed
2023/12/27,73,Greed
2023/12/28,73,Greed
2023/12/29,65,Greed
2023/12/30,68,Greed
2023/12/31,67,Greed
2024/1/1,65,Greed
2024/1/2,71,Greed
2024/1/3,70,Greed
2024/1/4,68,Greed
2024/1/5,72,Greed
2024/1/6,70,Greed
2024/1/7,71,Greed
2024/1/8,71,Greed
2024/1/9,76,Extreme Greed
2024/1/10,73,Greed
2024/1/11,76,Extreme Greed
2024/1/12,71,Greed
2024/1/13,64,Greed
2024/1/14,60,Greed
2024/1/15,52,Neutral
2024/1/16,64,Greed
2024/1/17,60,Greed
2024/1/18,63,Greed
2024/1/19,51,Neutral
2024/1/20,52,Neutral
2024/1/21,56,Greed
2024/1/22,55,Greed
2024/1/23,50,Neutral
2024/1/24,48,Neutral
2024/1/25,52,Neutral
2024/1/26,49,Neutral
2024/1/27,55,Greed
2024/1/28,54,Neutral
2024/1/29,55,Greed
2024/1/30,61,Greed
2024/1/31,60,Greed
2024/2/1,63,Greed
2024/2/2,63,Greed
2024/2/3,60,Greed
2024/2/4,60,Greed
2024/2/5,60,Greed
2024/2/6,64,Greed
2024/2/7,62,Greed
2024/2/8,66,Greed
2024/2/9,72,Greed
2024/2/10,74,Greed
2024/2/11,71,Greed
2024/2/12,70,Greed
2024/2/13,79,Extreme Greed
2024/2/14,74,Greed
2024/2/15,72,Greed
2024/2/16,72,Greed
2024/2/17,76,Extreme Greed
2024/2/18,72,Greed
2024/2/19,75,Greed
2024/2/20,72,Greed
2024/2/21,78,Extreme Greed
2024/2/22,74,Greed
2024/2/23,76,Extreme Greed
2024/2/24,72,Greed
2024/2/25,74,Greed
2024/2/26,72,Greed
2024/2/27,79,Extreme Greed
2024/2/28,82,Extreme Greed
2024/2/29,80,Extreme Greed
2024/3/1,80,Extreme Greed
2024/3/2,80,Extreme Greed
2024/3/3,83,Extreme Greed
2024/3/4,82,Extreme Greed
2024/3/5,90,Extreme Greed
2024/3/6,75,Greed
2024/3/7,82,Extreme Greed
2024/3/8,81,Extreme Greed
2024/3/9,84,Extreme Greed
2024/3/10,79,Extreme Greed
2024/3/11,82,Extreme Greed
2024/3/12,81,Extreme Greed
2024/3/13,81,Extreme Greed
2024/3/14,88,Extreme Greed
2024/3/15,83,Extreme Greed
2024/3/16,81,Extreme Greed
2024/3/17,79,Extreme Greed
2024/3/18,77,Extreme Greed
2024/3/19,79,Extreme Greed
2024/3/20,74,Greed
2024/3/21,78,Extreme Greed
2024/3/22,75,Greed
2024/3/23,73,Greed
2024/3/24,74,Greed
2024/3/25,75,Greed
2024/3/26,81,Extreme Greed
2024/3/27,83,Extreme Greed
2024/3/28,80,Extreme Greed
2024/3/29,79,Extreme Greed
2024/3/30,75,Greed
2024/3/31,75,Greed
2024/4/1,79,Extreme Greed
2024/4/2,79,Extreme Greed
2024/4/3,71,Greed
2024/4/4,70,Greed
2024/4/5,79,Extreme Greed
2024/4/6,75,Greed
2024/4/7,78,Extreme Greed
2024/4/8,76,Extreme Greed
2024/4/9,80,Extreme Greed
2024/4/10,78,Extreme Greed
2024/4/11,76,Extreme Greed
2024/4/12,79,Extreme Greed
2024/4/13,72,Greed
2024/4/14,72,Greed
2024/4/15,74,Greed
2024/4/16,65,Greed
2024/4/17,67,Greed
2024/4/18,57,Greed
2024/4/19,66,Greed
2024/4/20,66,Greed
2024/4/21,72,Greed
2024/4/22,73,Greed
2024/4/23,71,Greed
2024/4/24,72,Greed
2024/4/25,72,Greed
2024/4/26,70,Greed
2024/4/27,67,Greed
2024/4/28,65,Greed
2024/4/29,67,Greed
2024/4/30,67,Greed
2024/5/1,54,Neutral
2024/5/2,43,Fear
2024/5/3,48,Neutral
2024/5/4,67,Greed
2024/5/5,69,Greed
2024/5/6,71,Greed
2024/5/7,68,Greed
2024/5/8,64,Greed
2024/5/9,55,Greed
2024/5/10,66,Greed
2024/5/11,53,Neutral
2024/5/12,56,Greed
2024/5/13,57,Greed
2024/5/14,66,Greed
2024/5/15,64,Greed
2024/5/16,70,Greed
2024/5/17,74,Greed
2024/5/18,73,Greed
2024/5/19,72,Greed
2024/5/20,70,Greed
2024/5/21,76,Extreme Greed
2024/5/22,76,Extreme Greed
2024/5/23,76,Extreme Greed
2024/5/24,74,Greed
2024/5/25,76,Extreme Greed
2024/5/26,75,Greed
2024/5/27,74,Greed
2024/5/28,72,Greed
2024/5/29,72,Greed
2024/5/30,73,Greed
2024/5/31,73,Greed
2024/6/1,72,Greed
2024/6/2,73,Greed
2024/6/3,73,Greed
2024/6/4,73,Greed
2024/6/5,75,Greed
2024/6/6,78,Extreme Greed
2024/6/7,77,Extreme Greed
2024/6/8,72,Greed
2024/6/9,75,Greed
2024/6/10,72,Greed
2024/6/11,74,Greed
2024/6/12,72,Greed
2024/6/13,70,Greed
2024/6/14,74,Greed
2024/6/15,74,Greed
2024/6/16,71,Greed
2024/6/17,71,Greed
2024/6/18,74,Greed
2024/6/19,64,Greed
2024/6/20,60,Greed
2024/6/21,63,Greed
2024/6/22,53,Neutral
2024/6/23,55,Greed
2024/6/24,51,Neutral
2024/6/25,30,Fear
2024/6/26,46,Fear
2024/6/27,40,Fear
2024/6/28,47,Neutral
2024/6/29,30,Fear
2024/6/30,47,Neutral
2024/7/1,53,Neutral
2024/7/2,51,Neutral
2024/7/3,50,Neutral
2024/7/4,44,Fear
2024/7/5,29,Fear
2024/7/6,26,Fear
2024/7/7,29,Fear
2024/7/8,28,Fear
2024/7/9,27,Fear
2024/7/10,28,Fear
2024/7/11,29,Fear
2024/7/12,25,Extreme Fear
2024/7/13,25,Extreme Fear
2024/7/14,33,Fear
2024/7/15,52,Neutral
2024/7/16,65,Greed
2024/7/17,69,Greed
2024/7/18,61,Greed
2024/7/19,60,Greed
2024/7/20,74,Greed
2024/7/21,74,Greed
2024/7/22,70,Greed
2024/7/23,71,Greed
2024/7/24,69,Greed
2024/7/25,68,Greed
2024/7/26,68,Greed
2024/7/27,72,Greed
2024/7/28,71,Greed
2024/7/29,74,Greed
2024/7/30,67,Greed
2024/7/31,61,Greed
2024/8/1,52,Neutral
2024/8/2,57,Greed
2024/8/3,37,Fear
2024/8/4,34,Fear
2024/8/5,26,Fear
2024/8/6,17,Extreme Fear
2024/8/7,29,Fear
2024/8/8,20,Extreme Fear
2024/8/9,48,Neutral
2024/8/10,40,Fear
2024/8/11,39,Fear
2024/8/12,25,Extreme Fear
2024/8/13,31,Fear
2024/8/14,30,Fear
2024/8/15,29,Fear
2024/8/16,27,Fear
2024/8/17,25,Extreme Fear
2024/8/18,31,Fear
2024/8/19,28,Fear
2024/8/20,30,Fear
2024/8/21,26,Fear
2024/8/22,39,Fear
2024/8/23,34,Fear
2024/8/24,56,Greed
2024/8/25,54,Neutral
2024/8/26,55,Greed
2024/8/27,48,Neutral
2024/8/28,30,Fear
2024/8/29,29,Fear
2024/8/30,34,Fear
2024/8/31,29,Fear
2024/9/1,26,Fear
2024/9/2,26,Fear
2024/9/3,26,Fear
2024/9/4,27,Fear
2024/9/5,29,Fear
2024/9/6,22,Extreme Fear
2024/9/7,23,Extreme Fear
2024/9/8,29,Fear
2024/9/9,26,Fear
2024/9/10,33,Fear
2024/9/11,37,Fear
2024/9/12,31,Fear
2024/9/13,32,Fear
2024/9/14,50,Neutral
2024/9/15,51,Neutral
2024/9/16,39,Fear
2024/9/17,33,Fear
2024/9/18,45,Fear
2024/9/19,49,Neutral
2024/9/20,54,Neutral
2024/9/21,54,Neutral
2024/9/22,52,Neutral
2024/9/23,50,Neutral
2024/9/24,54,Neutral
2024/9/25,59,Greed
2024/9/26,50,Neutral
2024/9/27,61,Greed
2024/9/28,64,Greed
2024/9/29,63,Greed
2024/9/30,61,Greed
2024/10/1,50,Neutral
2024/10/2,42,Fear
2024/10/3,37,Fear
2024/10/4,41,Fear
2024/10/5,49,Neutral
2024/10/6,50,Neutral
2024/10/7,50,Neutral
2024/10/8,49,Neutral
2024/10/9,49,Neutral
2024/10/10,39,Fear
2024/10/11,32,Fear
2024/10/12,49,Neutral
2024/10/13,50,Neutral
2024/10/14,48,Neutral
2024/10/15,65,Greed
2024/10/16,73,Greed
2024/10/17,71,Greed
2024/10/18,73,Greed
2024/10/19,72,Greed
2024/10/20,73,Greed
2024/10/21,72,Greed
2024/10/22,70,Greed
2024/10/23,71,Greed
2024/10/24,69,Greed
2024/10/25,72,Greed
2024/10/27,74,Greed
2024/10/28,72,Greed
2024/10/29,72,Greed
2024/10/30,77,Extreme Greed
2024/10/31,77,Extreme Greed
2024/11/1,75,Greed
2024/11/2,72,Greed
2024/11/3,74,Greed
2024/11/4,70,Greed
2024/11/5,70,Greed
2024/11/6,70,Greed
2024/11/7,77,Extreme Greed
2024/11/8,75,Greed
2024/11/9,75,Greed
2024/11/10,78,Extreme Greed
2024/11/11,76,Extreme Greed
2024/11/12,80,Extreme Greed
2024/11/13,84,Extreme Greed
2024/11/14,88,Extreme Greed
2024/11/15,80,Extreme Greed
2024/11/16,86,Extreme Greed
2024/11/17,90,Extreme Greed
2024/11/18,83,Extreme Greed
2024/11/19,90,Extreme Greed
2024/11/20,83,Extreme Greed
2024/11/21,82,Extreme Greed
2024/11/22,94,Extreme Greed
2024/11/23,93,Extreme Greed
2024/11/24,80,Extreme Greed
2024/11/25,82,Extreme Greed
2024/11/26,79,Extreme Greed
2024/11/27,75,Greed
2024/11/28,77,Extreme Greed
2024/11/29,78,Extreme Greed
2024/11/30,84,Extreme Greed
2024/12/1,81,Extreme Greed
2024/12/2,80,Extreme Greed
2024/12/3,76,Extreme Greed
2024/12/4,78,Extreme Greed
2024/12/5,84,Extreme Greed
2024/12/6,72,Greed
2024/12/7,75,Greed
2024/12/8,79,Extreme Greed
2024/12/9,78,Extreme Greed
2024/12/10,78,Extreme Greed
2024/12/11,74,Greed
2024/12/12,83,Extreme Greed
2024/12/13,76,Extreme Greed
2024/12/14,83,Extreme Greed
2024/12/15,80,Extreme Greed
2024/12/16,83,Extreme Greed
2024/12/17,87,Extreme Greed
2024/12/18,81,Extreme Greed
2024/12/19,75,Greed
2024/12/20,74,Greed
2024/12/21,73,Greed
2024/12/22,73,Greed
2024/12/23,70,Greed
2024/12/24,73,Greed
2024/12/25,73,Greed
2024/12/26,79,Extreme Greed
2024/12/27,74,Greed
2024/12/28,72,Greed
2024/12/29,73,Greed
2024/12/30,65,Greed
2024/12/31,64,Greed
2025/1/1,66,Greed
2025/1/2,70,Greed
2025/1/3,74,Greed
2025/1/4,73,Greed
2025/1/5,72,Greed
2025/1/6,76,Extreme Greed
2025/1/7,78,Extreme Greed
2025/1/8,70,Greed
2025/1/9,69,Greed
2025/1/10,50,Neutral
2025/1/11,69,Greed
2025/1/12,62,Greed
2025/1/13,61,Greed
2025/1/14,63,Greed
2025/1/15,70,Greed
2025/1/16,75,Greed
2025/1/17,75,Greed
2025/1/18,77,Extreme Greed
2025/1/19,77,Extreme Greed
2025/1/20,76,Extreme Greed
2025/1/21,76,Extreme Greed
2025/1/22,84,Extreme Greed
2025/1/23,75,Greed
2025/1/24,75,Greed
2025/1/25,75,Greed
2025/1/26,73,Greed
2025/1/27,71,Greed
2025/1/28,72,Greed
2025/1/29,72,Greed
2025/1/30,70,Greed
2025/1/31,76,Extreme Greed
2025/2/1,68,Greed
2025/2/2,60,Greed
2025/2/3,44,Fear
2025/2/4,72,Greed
2025/2/5,54,Neutral
2025/2/6,49,Neutral
2025/2/7,44,Fear
2025/2/8,44,Fear
2025/2/9,46,Fear
2025/2/10,43,Fear
2025/2/11,47,Neutral
2025/2/12,46,Fear
2025/2/13,50,Neutral
2025/2/14,48,Neutral
2025/2/15,50,Neutral
2025/2/16,54,Neutral
2025/2/17,51,Neutral
2025/2/18,47,Neutral
2025/2/19,44,Fear
2025/2/20,49,Neutral
2025/2/21,55,Greed
2025/2/22,49,Neutral
2025/2/23,50,Neutral
2025/2/24,49,Neutral
2025/2/25,25,Extreme Fear
2025/2/26,21,Extreme Fear
2025/2/27,10,Extreme Fear
2025/2/28,16,Extreme Fear
2025/3/1,20,Extreme Fear
2025/3/2,26,Fear
2025/3/3,33,Fear
2025/3/4,15,Extreme Fear
2025/3/5,20,Extreme Fear
2025/3/6,25,Extreme Fear
2025/3/7,34,Fear
2025/3/8,28,Fear
2025/3/9,27,Fear
2025/3/10,20,Extreme Fear
2025/3/11,24,Extreme Fear
2025/3/12,34,Fear
2025/3/13,45,Fear
2025/3/14,27,Fear
2025/3/15,46,Fear
2025/3/16,30,Fear
2025/3/17,32,Fear
2025/3/18,34,Fear
2025/3/19,32,Fear
2025/3/20,49,Neutral
2025/3/21,31,Fear
2025/3/22,32,Fear
2025/3/23,30,Fear
2025/3/24,45,Fear
2025/3/25,46,Fear
2025/3/26,47,Neutral
2025/3/27,40,Fear
2025/3/28,44,Fear
2025/3/29,26,Fear
2025/3/30,32,Fear
2025/3/31,34,Fear
2025/4/1,34,Fear
2025/4/2,44,Fear
2025/4/3,25,Extreme Fear
2025/4/4,28,Fear
2025/4/5,30,Fear
2025/4/6,34,Fear
2025/4/7,23,Extreme Fear
2025/4/8,24,Extreme Fear
2025/4/9,18,Extreme Fear
2025/4/10,39,Fear
2025/4/11,25,Extreme Fear
2025/4/12,43,Fear
2025/4/13,45,Fear
2025/4/14,31,Fear
2025/4/15,38,Fear
2025/4/16,29,Fear
2025/4/17,30,Fear
2025/4/18,33,Fear
2025/4/19,32,Fear
2025/4/20,37,Fear
2025/4/21,39,Fear
2025/4/22,47,Neutral
2025/4/23,72,Greed
2025/4/24,63,Greed
2025/4/25,60,Greed
2025/4/26,65,Greed
2025/4/27,61,Greed
2025/4/28,54,Neutral
2025/4/29,60,Greed
2025/4/30,56,Greed
2025/5/1,53,Neutral
2025/5/2,67,Greed
2025/5/3,65,Greed
2025/5/4,64,Greed
2025/5/5,52,Neutral
2025/5/6,59,Greed
2025/5/7,67,Greed
2025/5/8,65,Greed
2025/5/9,73,Greed
2025/5/10,70,Greed
2025/5/11,70,Greed
2025/5/12,70,Greed
2025/5/13,70,Greed
2025/5/14,73,Greed
2025/5/15,70,Greed
2025/5/16,71,Greed
2025/5/17,74,Greed
2025/5/18,74,Greed
2025/5/19,74,Greed
2025/5/20,71,Greed
2025/5/21,70,Greed
2025/5/22,72,Greed
2025/5/23,78,Extreme Greed
2025/5/24,66,Greed
2025/5/25,74,Greed
2025/5/26,73,Greed
2025/5/27,74,Greed
2025/5/28,71,Greed
2025/5/29,74,Greed
2025/5/30,60,Greed
2025/5/31,50,Neutral
2025/6/1,56,Greed
2025/6/2,64,Greed
2025/6/3,64,Greed
2025/6/4,62,Greed
2025/6/5,57,Greed
2025/6/6,45,Fear
2025/6/7,52,Neutral
2025/6/8,62,Greed
2025/6/9,62,Greed
2025/6/10,71,Greed
2025/6/11,72,Greed
2025/6/12,71,Greed
2025/6/13,61,Greed
2025/6/14,63,Greed
2025/6/15,60,Greed
2025/6/16,61,Greed
2025/6/17,68,Greed
2025/6/18,52,Neutral
2025/6/19,57,Greed
2025/6/20,54,Neutral
2025/6/21,49,Neutral
2025/6/22,42,Fear
2025/6/23,47,Neutral
2025/6/24,65,Greed
2025/6/25,66,Greed
2025/6/26,74,Greed
2025/6/27,65,Greed
2025/6/28,65,Greed
2025/6/29,68,Greed
2025/6/30,66,Greed
2025/7/1,64,Greed
2025/7/2,63,Greed
2025/7/3,73,Greed
2025/7/4,73,Greed
2025/7/5,67,Greed
2025/7/6,66,Greed
2025/7/7,73,Greed
2025/7/8,65,Greed
2025/7/9,66,Greed
2025/7/10,71,Greed
2025/7/11,71,Greed
2025/7/12,79,Extreme Greed
2025/7/13,74,Greed
2025/7/14,74,Greed
2025/7/15,73,Greed
2025/7/16,70,Greed
2025/7/17,74,Greed
2025/7/18,73,Greed
2025/7/19,74,Greed
2025/7/20,72,Greed
2025/7/21,71,Greed
2025/7/22,72,Greed
2025/7/23,74,Greed
2025/7/24,71,Greed
2025/7/25,70,Greed
2025/7/26,72,Greed
2025/7/27,73,Greed
2025/7/28,75,Greed
2025/7/29,73,Greed
2025/7/30,74,Greed
2025/7/31,72,Greed
2025/8/1,65,Greed
2025/8/2,55,Greed
2025/8/3,53,Neutral
2025/8/4,64,Greed
2025/8/5,60,Greed
2025/8/6,54,Neutral
2025/8/7,62,Greed
2025/8/8,74,Greed
2025/8/9,67,Greed
2025/8/10,69,Greed
2025/8/11,70,Greed
2025/8/12,68,Greed
2025/8/13,73,Greed
2025/8/14,75,Greed
2025/8/15,60,Greed
2025/8/16,56,Greed
2025/8/17,64,Greed
2025/8/18,60,Greed
2025/8/19,56,Greed
2025/8/20,44,Fear
2025/8/21,50,Neutral
2025/8/22,50,Neutral
2025/8/23,60,Greed
2025/8/24,53,Neutral
2025/8/25,47,Neutral
2025/8/26,48,Neutral
2025/8/27,51,Neutral
2025/8/28,48,Neutral
2025/8/29,50,Neutral
2025/8/30,39,Fear
2025/8/31,48,Neutral
2025/9/1,46,Fear
2025/9/2,49,Neutral
2025/9/3,55,Greed
2025/9/4,51,Neutral
2025/9/5,48,Neutral
2025/9/6,48,Neutral
2025/9/7,44,Fear
2025/9/8,51,Neutral
2025/9/9,48,Neutral
2025/9/10,49,Neutral
2025/9/11,54,Neutral
2025/9/12,57,Greed
2025/9/13,52,Neutral
2025/9/14,55,Greed
2025/9/15,53,Neutral
2025/9/16,52,Neutral
2025/9/17,53,Neutral
2025/9/18,52,Neutral
2025/9/19,53,Neutral
2025/9/20,48,Neutral
2025/9/21,49,Neutral
2025/9/22,45,Fear
2025/9/23,43,Fear
2025/9/24,44,Fear
2025/9/25,44,Fear
2025/9/26,28,Fear
2025/9/27,33,Fear
2025/9/28,37,Fear
2025/9/29,50,Neutral
2025/9/30,50,Neutral
2025/10/1,49,Neutral
2025/10/2,64,Greed
2025/10/3,63,Greed
2025/10/4,71,Greed
2025/10/5,74,Greed
2025/10/6,71,Greed
2025/10/7,70,Greed
2025/10/8,60,Greed
2025/10/9,70,Greed
2025/10/10,64,Greed
2025/10/11,27,Fear
2025/10/12,24,Extreme Fear
2025/10/13,38,Fear
2025/10/14,38,Fear
2025/10/15,34,Fear
2025/10/16,28,Fear
2025/10/17,22,Extreme Fear
2025/10/18,23,Extreme Fear
2025/10/19,29,Fear
2025/10/20,29,Fear
